-- Заполнение таблицы "Здание"
INSERT INTO buildings (name) VALUES
  ('Здание А'),
  ('Здание Б'),
  ('Здание В');

-- Заполнение таблицы "Аудитория"
INSERT INTO classrooms (building_id, number) VALUES
  (1, '101'),
  (1, '102'),
  (2, '201'),
  (2, '202'),
  (3, '301'),
  (3, '302');

-- Заполнение таблицы "Отделение"
INSERT INTO departments (name) VALUES
  ('Отделение 1'),
  ('Отделение 2'),
  ('Отделение 3');

-- Заполнение таблицы "Группа"
INSERT INTO groups (name, department_id) VALUES
  ('Группа 1', 1),
  ('Группа 2', 1),
  ('Группа 3', 2),
  ('Группа 4', 2),
  ('Группа 5', 3),
  ('Группа 6', 3);

-- Заполнение таблицы "Студент"
INSERT INTO students (name, surname, date_of_birth, group_id) VALUES
  ('Иван', 'Иванов', '2000-01-01', 1),
  ('Петр', 'Петров', '1999-05-10', 1),
  ('Алексей', 'Сидоров', '2001-08-20', 2),
  ('Елена', 'Смирнова', '2000-03-15', 2),
  ('Ольга', 'Ковалева', '2002-11-30', 3),
  ('Анна', 'Попова', '2001-06-25', 3);

-- Заполнение таблицы "Преподаватель"
INSERT INTO teachers (name, surname, degree) VALUES
  ('Александр', 'Иванов', 'кандидат наук'),
  ('Мария', 'Петрова', 'доктор наук'),
  ('Иван', 'Сидоров', NULL),
  ('Елена', 'Смирнова', NULL),
  ('Андрей', 'Ковалев', 'кандидат наук'),
  ('Ольга', 'Попова', NULL);

-- Заполнение таблицы "Курс"
INSERT INTO courses (name, description) VALUES
  ('Математика', 'Описание курса "Математика"'),
  ('Физика', 'Описание курса "Физика"'),
  ('История', 'Описание курса "История"'),
  ('Химия', 'Описание курса "Химия"'),
  ('Литература', 'Описание курса "Литература"');

-- Заполнение таблицы "Оценка"
INSERT INTO grades (student_id, course_id, grade) VALUES
  (1, 1, 4.5),
  (2, 1, 3.8),
  (3, 2, 4.2),
  (4, 2, 4.0),
  (5, 3, 3.9),
  (6, 3, 4.7);

-- Заполнение таблицы "Расписание"
INSERT INTO schedule (course_id, group_id, teacher_id, classroom_id) VALUES
  (1, 1, 1, 1),
  (1, 2, 2, 2),
  (2, 3, 3, 3),
  (2, 4, 4, 4),
  (3, 5, 5, 5),
  (3, 6, 6, 6);

-- Заполнение таблицы "Семестр"
INSERT INTO semesters (name) VALUES
  ('Осенний семестр'),
  ('Весенний семестр');

-- Заполнение таблицы "Факультет"
INSERT INTO faculties (name) VALUES
  ('Факультет 1'),
  ('Факультет 2'),
  ('Факультет 3');

-- Заполнение таблицы "Экзамен"
INSERT INTO exams (course_id, semester_id, room_id, date, time) VALUES
  (1, 1, 1, '2023-01-15', '10:00:00'),
  (2, 1, 2, '2023-01-16', '14:30:00'),
  (3, 2, 3, '2023-06-10', '09:00:00'),
  (4, 2, 4, '2023-06-11', '13:45:00'),
  (5, 2, 5, '2023-06-12', '11:30:00');

-- Заполнение таблицы "Задание для самост. работы"
INSERT INTO assignments (course_id, description, date) VALUES
  (1, 'Описание задания 1', '2022-12-01'),
  (2, 'Описание задания 2', '2023-01-10'),
  (3, 'Описание задания 3', '2023-05-20'),
  (4, 'Описание задания 4', '2023-06-01'),
  (5, 'Описание задания 5', '2023-06-05');

-- Заполнение таблицы "Программа курса"
INSERT INTO course_programs (course_id, program_content) VALUES
  (1, 'Содержание программы курса "Математика"'),
  (2, 'Содержание программы курса "Физика"'),
  (3, 'Содержание программы курса "История"'),
  (4, 'Содержание программы курса "Химия"'),
  (5, 'Содержание программы курса "Литература"');

-- Заполнение таблицы "Учебный план"
INSERT INTO curricula (course_id, semester_id, group_id) VALUES
  (1, 1, 1),
  (1, 2, 1),
  (2, 1, 2),
  (2, 2, 2),
  (3, 1, 3),
  (3, 2, 3),
  (4, 1, 4),
  (4, 2, 4),
  (5, 1, 5),
  (5, 2, 5);